{
  "val_grid_results": {
    "Model": [
      "RidgeSK",
      "ElasticSK",
      "ElasticSK",
      "ElasticSK",
      "LassoSK",
      "ElasticSK",
      "ElasticSK",
      "ElasticSK",
      "LassoSK",
      "RidgeSK",
      "LassoSK",
      "RidgeSK",
      "SGDSK",
      "SGDSK",
      "LassoGD",
      "LassoGD",
      "RidgeGD",
      "LassoGD",
      "RidgeGD",
      "RidgeGD",
      "SGDLinear",
      "SGDLinear",
      "SGDLinear",
      "SGDLinear"
    ],
    "alpha": [
      0.1,
      0.0001,
      0.0001,
      0.0001,
      0.0001,
      0.001,
      0.001,
      0.001,
      0.001,
      1.0,
      0.01,
      10.0,
      1e-05,
      0.0001,
      0.0001,
      0.001,
      0.1,
      0.01,
      10.0,
      1.0,
      NaN,
      NaN,
      NaN,
      NaN
    ],
    "pair": [
      NaN,
      NaN,
      NaN,
      NaN,
      NaN,
      NaN,
      NaN,
      NaN,
      NaN,
      NaN,
      NaN,
      NaN,
      NaN,
      NaN,
      null,
      null,
      null,
      null,
      null,
      null,
      [
        0.01,
        1e-05
      ],
      [
        0.01,
        0.0001
      ],
      [
        0.005,
        1e-05
      ],
      [
        0.005,
        0.0001
      ]
    ],
    "RMSE_val": [
      2.418917353189481,
      2.421821711266891,
      2.423490178728869,
      2.4253879146519717,
      2.4272129275980205,
      2.4345540024138983,
      2.4834241155099805,
      2.552336747226693,
      2.610316484385489,
      3.345111726908689,
      5.852654802588097,
      7.9929453084198885,
      9.792525680616055,
      9.793773292033356,
      14.251903991061702,
      14.310452965787256,
      14.638719996260736,
      14.89085769330748,
      15.30381311468815,
      15.391403216163821,
      20.7112278950462,
      20.711239160079376,
      22.643772072396217,
      22.643773386248508
    ],
    "MAE_val": [
      1.7384351872060901,
      1.6881945255958177,
      1.6923412575335106,
      1.6965082671775031,
      1.6995196760606703,
      1.7379617436196901,
      1.7831695627197492,
      1.8360752209507973,
      1.8818690110312388,
      2.1297350414846217,
      2.806216161759459,
      3.888858677110721,
      4.547405522439563,
      4.547825807911485,
      6.152697857161217,
      6.174632572831812,
      6.353956484141566,
      6.381184172026753,
      8.372704220759244,
      7.534697017259799,
      15.196064229883678,
      15.196069844843926,
      16.36852716576729,
      16.368528051805708
    ],
    "TrainTime_s": [
      NaN,
      NaN,
      NaN,
      NaN,
      NaN,
      NaN,
      NaN,
      NaN,
      NaN,
      NaN,
      NaN,
      NaN,
      NaN,
      NaN,
      0.036516427993774414,
      0.03722810745239258,
      0.043951988220214844,
      0.046387672424316406,
      0.03394579887390137,
      0.03316473960876465,
      0.0006091594696044922,
      0.0005421638488769531,
      0.0003447532653808594,
      0.00093841552734375
    ],
    "Kind": [
      "sklearn",
      "sklearn",
      "sklearn",
      "sklearn",
      "sklearn",
      "sklearn",
      "sklearn",
      "sklearn",
      "sklearn",
      "sklearn",
      "sklearn",
      "sklearn",
      "sklearn",
      "sklearn",
      "from-scratch",
      "from-scratch",
      "from-scratch",
      "from-scratch",
      "from-scratch",
      "from-scratch",
      "from-scratch",
      "from-scratch",
      "from-scratch",
      "from-scratch"
    ],
    "l1_ratio": [
      NaN,
      0.2,
      0.5,
      0.8,
      NaN,
      0.2,
      0.5,
      0.8,
      NaN,
      NaN,
      NaN,
      NaN,
      NaN,
      NaN,
      NaN,
      NaN,
      NaN,
      NaN,
      NaN,
      NaN,
      NaN,
      NaN,
      NaN,
      NaN
    ]
  },
  "test_metrics": {
    "RMSE": 4.66401217887931,
    "MAE": 2.2389192109083282,
    "R2": 0.8045514582943465
  },
  "best_model": "RidgeSK"
}